{
  "metrics": {
    "http_req_sending": {
      "p(90)": 0.021,
      "p(95)": 0.027,
      "avg": 0.014400910746812719,
      "min": 0.002,
      "med": 0.011,
      "max": 0.837
    },
    "iteration_duration": {
      "p(90)": 209.8109081,
      "p(95)": 233.9246249,
      "avg": 164.48770124271138,
      "min": 110.795458,
      "med": 155.27545800000001,
      "max": 389.154625
    },
    "vus_max": {
      "value": 30,
      "min": 30,
      "max": 30
    },
    "http_req_duration{expected_response:true}": {
      "avg": 63.86222604735898,
      "min": 10.559,
      "med": 54.667,
      "max": 313.626,
      "p(90)": 108.9402,
      "p(95)": 133.03055
    },
    "http_req_connecting": {
      "avg": 0.003716211293260475,
      "min": 0,
      "med": 0,
      "max": 0.914,
      "p(90)": 0,
      "p(95)": 0
    },
    "http_req_failed": {
      "passes": 0,
      "fails": 5490,
      "thresholds": {
        "rate<0.01": false
      },
      "value": 0
    },
    "iterations": {
      "count": 5488,
      "rate": 179.3560294967462
    },
    "checks": {
      "passes": 10976,
      "fails": 0,
      "value": 1
    },
    "http_req_waiting": {
      "p(95)": 124.16839999999995,
      "avg": 60.2094990892533,
      "min": 10.124,
      "med": 51.616,
      "max": 312.924,
      "p(90)": 102.2741
    },
    "data_sent": {
      "count": 1716868,
      "rate": 56109.80824526597
    },
    "vus": {
      "value": 30,
      "min": 30,
      "max": 30
    },
    "data_received": {
      "count": 998894599,
      "rate": 32645366.101017576
    },
    "http_req_duration": {
      "min": 10.559,
      "med": 54.667,
      "max": 313.626,
      "p(90)": 108.9402,
      "p(95)": 133.03055,
      "avg": 63.86222604735898,
      "thresholds": {
        "p(95)<500": false,
        "p(99)<1000": false
      }
    },
    "http_req_receiving": {
      "avg": 3.6383260473588344,
      "min": 0.023,
      "med": 2.817,
      "max": 82.158,
      "p(90)": 7.046100000000001,
      "p(95)": 8.9043
    },
    "http_reqs": {
      "count": 5490,
      "rate": 179.42139248125667
    },
    "http_req_blocked": {
      "p(90)": 0.007,
      "p(95)": 0.009,
      "avg": 0.00947905282331525,
      "min": 0,
      "med": 0.004,
      "max": 1.285
    },
    "http_req_tls_handshaking": {
      "max": 0,
      "p(90)": 0,
      "p(95)": 0,
      "avg": 0,
      "min": 0,
      "med": 0
    }
  },
  "setup_data": {
    "token": "[REDACTED_LOCAL_JWT]",
    "redaction": "setup_data token redacted before committing evidence; metrics/root_group are unchanged"
  },
  "root_group": {
    "id": "d41d8cd98f00b204e9800998ecf8427e",
    "groups": {},
    "checks": {
      "status is 200": {
        "name": "status is 200",
        "path": "::status is 200",
        "id": "6210a8cd14cd70477eba5c5e4cb3fb5f",
        "passes": 5488,
        "fails": 0
      },
      "has response body": {
        "name": "has response body",
        "path": "::has response body",
        "id": "1514b1467f95f95e2104aaea04d69846",
        "passes": 5488,
        "fails": 0
      }
    },
    "name": "",
    "path": ""
  }
}
