{
  "setup_data": {
    "productId": 304,
    "initialStock": 50,
    "redactedTokenCount": 100,
    "redaction": "setup_data JWT list redacted before committing evidence; metrics/root_group are unchanged"
  },
  "root_group": {
    "groups": {},
    "checks": {
      "status is 200 or expected stock failure": {
        "name": "status is 200 or expected stock failure",
        "path": "::status is 200 or expected stock failure",
        "id": "fec4f3595e2b6239c1fd26305a147862",
        "passes": 100,
        "fails": 0
      }
    },
    "name": "",
    "path": "",
    "id": "d41d8cd98f00b204e9800998ecf8427e"
  },
  "metrics": {
    "http_req_waiting": {
      "avg": 171.22559113300488,
      "min": 11.548,
      "med": 82.057,
      "max": 354.998,
      "p(90)": 337.99899999999997,
      "p(95)": 343.0881
    },
    "vus": {
      "value": 0,
      "min": 0,
      "max": 0
    },
    "iteration_duration": {
      "avg": 268.08106959,
      "min": 72.762791,
      "med": 314.50377100000003,
      "max": 355.598083,
      "p(90)": 349.1280964,
      "p(95)": 352.0333119
    },
    "data_received": {
      "count": 162564,
      "rate": 18956.55457239247
    },
    "data_sent": {
      "count": 53471,
      "rate": 6235.242301742069
    },
    "http_req_duration{expected_response:true}": {
      "avg": 118.80974509803919,
      "min": 11.795,
      "med": 79.31,
      "max": 313.872,
      "p(90)": 259.574,
      "p(95)": 287.70519999999993
    },
    "vus_max": {
      "max": 100,
      "value": 100,
      "min": 100
    },
    "http_req_duration": {
      "avg": 171.9414236453202,
      "min": 11.795,
      "med": 82.232,
      "max": 355.226,
      "p(90)": 339.5408,
      "p(95)": 347.0899,
      "thresholds": {
        "p(95)<2000": false
      }
    },
    "http_req_sending": {
      "med": 0.019,
      "max": 5.223,
      "p(90)": 2.2376,
      "p(95)": 4.896199999999999,
      "avg": 0.5442266009852215,
      "min": 0.008
    },
    "http_reqs": {
      "rate": 23.671788207694636,
      "count": 203
    },
    "http_req_tls_handshaking": {
      "avg": 0,
      "min": 0,
      "med": 0,
      "max": 0,
      "p(90)": 0,
      "p(95)": 0
    },
    "http_req_receiving": {
      "med": 0.118,
      "max": 1.378,
      "p(90)": 0.30800000000000005,
      "p(95)": 0.40799999999999986,
      "avg": 0.1716059113300493,
      "min": 0.017
    },
    "http_req_failed": {
      "passes": 50,
      "fails": 153,
      "value": 0.24630541871921183
    },
    "iterations": {
      "count": 100,
      "rate": 11.660979412657456
    },
    "unexpected_reserve_error": {
      "rate": 0,
      "count": 0,
      "thresholds": {
        "count==0": false
      }
    },
    "reserve_fail": {
      "rate": 5.830489706328728,
      "count": 50,
      "thresholds": {
        "count==50": false
      }
    },
    "checks": {
      "passes": 100,
      "fails": 0,
      "value": 1
    },
    "reserve_success": {
      "count": 50,
      "rate": 5.830489706328728,
      "thresholds": {
        "count==50": false
      }
    },
    "http_req_blocked": {
      "min": 0.001,
      "med": 0.078,
      "max": 5.669,
      "p(90)": 1.1218000000000001,
      "p(95)": 2.0484999999999998,
      "avg": 0.39621182266009836
    },
    "http_req_connecting": {
      "p(95)": 1.5357999999999967,
      "avg": 0.3076748768472905,
      "min": 0,
      "med": 0.062,
      "max": 4.439,
      "p(90)": 0.6800000000000002
    }
  }
}
